"FID","FTrt","PeriodBeginDate","TrialDate","CopulateYN","CopDuringVideo","CannibalizeYN","EatDuringVideo","CannibalismTime","CannibalismDate","TestRemarks","FMass","FCarapaceWidth","MID","MTrt","MalePaintingRemarks","MCarapaceWidth","MMass","CompanionID","TrialDateEnd","EmergenceDate","BroodSize","DelaytoLay","BroodRemarks","Fcondition","Mcondition","FTrtCode","MTrtCode","TrainingDuration"
18064,"RedAverse",2018-05-09,2018-06-08,0,0,0,0,NA,NA,NA,0.0175,1.506,18211,"AllGrey","clean eye with thinner, put to sleep twice",1.21,0.0087,18294,2018-06-10,NA,0,NA,NA,2.43448926346202e-06,-0.00030564413342364,-0.5,0,30
18065,"RedPreference",2018-05-09,2018-06-09,1,1,0,0,NA,NA,NA,0.0174,1.54,18185,"AllGrey",NA,1.325,0.0116,18315,2018-06-11,2018-07-26,34,14,"hatch date may be sooner",-0.00101160037754218,-0.00068718117479285,0.5,0,31
18066,"RedAverse",2018-05-09,2018-06-15,1,1,1,0,1899-12-30 12:00:00,2018-06-16,NA,0.0219,1.648,18240,"RedGrey",NA,1.267,0.0117,18249,2018-06-16,2018-07-31,20,18,NA,0.000584994751428367,0.00106785489824553,-0.5,1,37
18068,"RedPreference",2018-05-09,2018-06-05,1,1,0,0,NA,NA,NA,0.0171,1.466,18182,"AllGrey",NA,1.317,0.0121,18259,2018-06-07,2018-07-15,62,11,NA,0.0006777696266817,4.10996628676119e-05,0.5,0,27
18069,"RedAverse",2018-05-09,2018-06-05,1,1,1,0,1899-12-30 16:00:00,2018-06-05,NA,0.0176,1.547,18178,"AllRed","tip one front leg with some red paint",1.358,0.0124,18193,2018-06-05,2018-07-12,41,10,NA,-0.000999784026590386,-0.000828839630142285,-0.5,2,27
18070,"RedPreference",2018-05-09,2018-06-19,1,1,0,0,NA,NA,NA,0.0177,1.51,18229,"AllGrey",NA,1.373,0.0121,18218,2018-06-21,2018-07-30,13,12,NA,9.49009755215527e-05,-0.00155686620075566,0.5,0,41
18071,"RedPreference",2018-05-09,2018-06-13,0,0,1,1,1899-12-30 08:48:00,2018-06-13,NA,0.0224,1.583,18188,"AllGrey",NA,1.252,0.0104,18349,2018-06-13,NA,0,17,NA,0.00283241434973313,0.000195881468858903,0.5,0,35
18072,"RedAverse",2018-05-09,2018-07-06,1,1,0,0,NA,NA,NA,0.0179,1.558,18228,"AllGrey",NA,1.336,0.0129180555555556,18436,2018-07-08,2018-08-28,20,21,NA,-0.000995501189380428,0.000316988228979556,-0.5,0,58
18073,"RedPreference",2018-05-09,2018-06-06,0,0,0,0,NA,NA,NA,0.0163,1.525,18270,"RedGrey",NA,1.417,0.0133,18194,2018-06-08,NA,0,NA,NA,-0.00170834970101031,-0.00161241080788823,0.5,1,28
18075,"RedAverse",2018-05-09,2018-05-31,1,1,0,0,NA,NA,NA,0.0116,1.304,18197,"AllGrey","put to sleep twice",1.347,0.0116,18182,2018-06-02,2018-07-11,13,30,"about two weeks prior to 7/2. end date ealier",-0.000467123066774127,-0.00131495347835914,-0.5,0,22
18076,"RedAverse",2018-05-09,2018-06-12,1,0,1,0,1899-12-30 17:00:00,2018-06-13,"cop 6/12 4pm",0.0154,1.475,18202,"AllRed","put to sleep twice",1.251,0.0087,18323,2018-06-13,2018-07-27,28,14,NA,-0.00126418077923742,-0.00147558342643353,-0.5,2,34
18077,"RedPreference",2018-05-09,2018-06-10,1,1,0,0,NA,NA,NA,0.0156,1.452,18173,"RedGrey",NA,1.325,0.0126,18295,2018-06-12,2018-07-26,20,14,NA,-0.000445863075221891,0.000312818825207145,0.5,1,32
18078,"RedAverse",2018-05-09,2018-06-11,0,0,1,1,1899-12-30 09:41:00,2018-06-11,NA,0.0206,1.558,18179,"AllRed",NA,1.264,0.0103,18198,2018-06-11,NA,0,NA,NA,0.00170449881061957,-0.000246539787631797,-0.5,2,33
18080,"RedAverse",2018-05-09,2018-06-11,1,1,1,0,1899-12-30 11:00:00,2018-06-12,NA,0.0244,1.665,18186,"RedGrey",NA,1.374,0.0125,18319,2018-06-12,2018-07-21,28,10,"unsure of hatch date",0.00262797731802558,-0.00118540130546322,-0.5,1,33
18081,"RedPreference",2018-05-09,2018-06-17,1,0,1,0,1899-12-30 16:25:00,2018-06-18,"cop 11:52 (new recording: 81_part3 (cop)) - not during official 2h test (so CopOnVideo not ticked)",0.0191,1.525,18297,"RedGrey",NA,1.385,0.0443,18267,2018-06-18,2018-07-31,34,12,NA,0.00109165029898969,0.0303007125427536,0.5,1,39
18084,"RedAverse",2018-05-09,2018-06-04,1,1,0,0,NA,NA,NA,0.0192,1.564,18167,"AllGrey",NA,1.402,0.0122,18263,2018-06-06,2018-07-15,34,11,NA,0.000143198540006824,-0.00228438423727485,-0.5,0,26
18085,"RedPreference",2018-05-09,2018-06-09,1,1,1,0,1899-12-30 08:45:00,2018-06-11,NA,0.0154,1.502,18264,"RedGrey",NA,1.298,0.011,18299,2018-06-11,2018-07-15,53,9,NA,-0.00199003199699478,-0.000516733347688782,0.5,1,31
18086,"RedAverse",2018-05-09,2018-06-02,1,1,0,0,NA,NA,"copulation right after 2h video",0.0124,1.407,18201,"AllGrey",NA,1.445,0.0139,18177,2018-06-04,2018-07-10,29,10,NA,-0.00243611104562629,-0.00181139373969986,-0.5,0,24
18087,"RedPreference",2018-05-09,2018-06-03,1,1,0,0,NA,NA,NA,0.0164,1.48,18169,"AllGrey","put to sleep twice, clean eye with thinner",1.281,0.0106,18211,2018-06-05,2018-07-11,35,11,NA,-0.00039859767141471,-0.000431636567660286,0.5,0,25
18088,"RedAverse",2018-05-09,2018-06-10,0,0,0,0,NA,NA,NA,0.016,1.453,18141,"AllRed",NA,1.365,0.0124,18297,2018-06-12,NA,0,104,NA,-7.27464536573509e-05,-0.00102858536309519,-0.5,2,32
18089,"RedPreference",2018-05-09,2018-07-10,1,1,0,0,NA,NA,NA,0.0223,1.576,18235,"RedGrey","picture with scale",1.299,0.0123,18407,2018-07-12,2018-08-28,20,17,NA,0.00292059799878133,0.000754731547603663,0.5,1,62
18090,"RedAverse",2018-05-09,2018-06-08,0,0,0,0,NA,NA,NA,0.0188,1.437,18282,"AllRed",NA,1.368,0.0137,18180,2018-06-10,NA,0,14,NA,0.00315738760130998,0.000185809322782132,-0.5,2,30
18091,"RedPreference",2018-05-09,2018-06-04,1,1,1,0,1899-12-30 08:30:00,2018-06-05,NA,0.0183,1.491,18176,"AllGrey",NA,1.26,0.0104,18140,2018-06-05,2018-07-13,39,10,"end date ealier",0.00120568516579525,-3.23993688015638e-05,0.5,0,26
18092,"RedAverse",2018-05-09,2018-06-04,1,1,0,0,NA,NA,NA,0.0171,1.498,18269,"AllRed","put to sleep twice",1.365,0.0131,18185,2018-06-06,2018-07-16,27,12,"end date ealier",-0.000182498483252952,-0.00032858536309519,-0.5,2,26
18094,"RedAverse",2018-05-09,2018-06-16,1,1,1,0,1899-12-30 08:00:00,2018-06-17,NA,0.0182,1.536,18293,"AllGrey","put to sleep twice, clean eyes",1.219,0.0095,18241,2018-06-17,2018-08-06,38,19,NA,-0.000104066863800352,0.000237539924208327,-0.5,0,38
18095,"RedPreference",2018-05-09,2018-06-04,0,0,1,0,1899-12-30 08:30:00,2018-06-05,NA,0.0097,1.526,18252,"RedGrey","1 front leg with red on top",1.257,0.0119,18171,2018-06-05,NA,0,NA,NA,-0.00833523307944577,0.00155320594532112,0.5,1,26
18096,"RedAverse",2018-05-09,2018-06-12,1,1,0,0,NA,NA,NA,0.0205,1.602,18180,"AllGrey",NA,1.255,0.0118,18320,2018-06-14,2018-07-28,14,14,NA,0.000421630159459426,0.00151027615473623,-0.5,0,34
18097,"RedPreference",2018-05-09,2018-06-10,1,1,0,0,NA,NA,NA,0.0158,1.479,18313,"AllGrey","cool pic, paint in chelicerae",1.229,0.0092,18298,2018-06-12,2018-07-26,26,14,NA,-0.000971714292979255,-0.000347811122867257,0.5,0,32
18098,"RedAverse",2018-05-09,2018-06-04,1,1,0,0,NA,NA,NA,0.0173,1.57,18175,"RedGrey","put to sleep twice, clean eye with thinner",1.274,0.0122,18203,2018-06-06,2018-07-13,47,26,"lay date earlier",-0.00191810173060592,0.00136810916529262,-0.5,1,26
18099,"RedPreference",2018-05-09,2018-05-31,1,1,1,0,1899-12-30 16:00:00,2018-06-01,NA,0.0186,1.505,18199,"RedGrey","put to sleep twice",1.397,0.0127,18175,2018-06-01,2018-07-06,39,11,NA,0.00112931786769884,-0.00164170871373706,0.5,1,22
18100,"RedAverse",2018-05-09,2018-06-24,1,1,1,0,1899-12-30 08:15:00,2018-06-25,NA,0.0194,1.546,18320,"AllRed","picture with scale",1.346,0.0114,18387,2018-06-25,2018-08-08,27,14,NA,0.000827099351845068,-0.00148641837365158,-0.5,2,46
18101,"RedPreference",2018-05-09,2018-05-30,1,1,1,0,1899-12-30 17:00:00,2018-05-30,NA,0.0141,1.392,18190,"RedGrey","thick red paint",1.261,0.0108,18176,2018-05-30,NA,1,13,NA,-0.000332860369094417,0.000339065526490882,0.5,1,21
18102,"RedAverse",2018-05-09,2018-05-31,1,0,0,0,NA,NA,"copulation occurred at 12",0.0133,1.384,18164,"RedGrey","got red paint on one chelicerae",1.318,0.0105,18178,2018-06-02,2018-07-08,12,9,"end date ealier",-0.000917793341610754,-0.00158743544183995,-0.5,1,22
18103,"RedPreference",2018-05-09,2018-06-10,1,1,1,0,1899-12-30 08:45:00,2018-06-11,NA,0.0213,1.61,18321,"AllRed",NA,1.299,0.0098,18188,2018-06-11,2018-07-18,42,9,NA,0.00100656313197576,-0.00174526845239634,0.5,2,32
18104,"RedAverse",2018-05-09,2018-07-04,1,1,0,0,NA,NA,NA,0.0235,1.752,18384,"AllRed","picture with scale",1.345,0.0117,18486,2018-07-06,2018-09-04,12,29,NA,-0.000610876605859253,-0.00115788326894402,-0.5,2,56
18105,"RedPreference",2018-05-09,2018-06-09,0,0,1,0,1899-12-30 08:30:00,2018-06-10,NA,0.0175,1.536,18172,"AllRed",NA,1.301,0.0103,18314,2018-06-10,NA,0,NA,NA,-0.000804066863800352,-0.00130233866181145,0.5,2,31
18106,"RedAverse",2018-05-11,2018-06-06,1,1,1,1,1899-12-30 10:52:00,2018-06-06,NA,0.0186,1.501,18204,"RedGrey",NA,1.266,0.0097,18282,2018-06-06,2018-07-13,13,10,NA,0.00123685138144068,-0.000903609997046913,-0.5,1,26
18107,"RedPreference",2018-05-11,2018-06-10,1,1,0,0,NA,NA,NA,0.0192,1.545,18181,"RedGrey",NA,1.361,0.0139,18311,2018-06-12,2018-07-24,22,12,"end date ealier",0.000653982730280527,0.000585555055735043,0.5,1,30
18108,"RedAverse",2018-05-11,2018-06-02,1,1,0,0,NA,NA,"copulation right after 2h video",0.0152,1.477,18207,"AllRed",NA,1.272,0.0102,18242,2018-06-04,2018-07-13,34,10,NA,-0.00151794753610834,-0.000574820625292263,-0.5,2,22
18109,"RedPreference",2018-05-11,2018-06-08,0,0,0,0,NA,NA,NA,0.0137,1.434,18193,"AllGrey",NA,1.247,0.0101,18202,2018-06-10,NA,0,NA,NA,-0.00186196226338365,3.85569923966924e-05,0.5,0,28
18110,"RedAverse",2018-05-11,2018-07-18,1,1,0,0,NA,NA,NA,0.0188,1.53,18449,"AllGrey","picture with scale",1.339,0.0134,18424,2018-07-20,2018-09-06,19,18,NA,0.000657233406812395,0.000713327359301328,-0.5,0,68
18111,"RedAverse",2018-05-11,2018-06-01,1,1,0,0,NA,NA,"can't find the video…",0.0161,1.469,18183,"AllRed",NA,1.339,0.0131,18204,2018-06-03,2018-07-11,26,10,NA,-0.000402880508624678,0.000413327359301328,-0.5,2,21
18112,"RedPreference",2018-05-11,2018-06-19,1,1,0,0,NA,NA,NA,0.0234,1.583,18312,"AllRed","put to sleep twice",1.361,0.0121,18265,2018-06-21,2018-08-06,35,14,NA,0.00383241434973313,-0.00121444494426496,0.5,2,39
18113,"RedAverse",2018-05-11,2018-05-27,1,1,0,0,NA,NA,NA,0.0177,1.512,18192,"RedGrey",NA,1.342,0.0114,18199,2018-05-29,2018-07-05,32,12,NA,4.11342186506368e-05,-0.00137227795482135,-0.5,1,16
18114,"RedPreference",2018-05-11,2018-05-25,1,1,1,0,NA,2018-05-27,"24h < cannibalism < 48h",0.0169,1.446,18174,"AllGrey","put to sleep twice; rmx paint on small eye with paint thinner",1.367,0.0112,18197,2018-05-27,2018-07-04,23,15,"not sure of hatch date",0.00101543719539086,-0.00228565557251031,0.5,0,14
18116,"RedPreference",2018-05-11,2018-07-04,0,0,0,0,NA,NA,NA,0.0184,1.565,18367,"RedGrey","picture with scale",1.341,0.0132,18324,2018-07-06,2018-08-26,22,23,NA,-0.00068368483842863,0.000456257149886211,0.5,1,54
18117,"RedPreference",2018-05-11,2018-06-17,1,1,1,0,1899-12-30 08:30:00,2018-06-19,NA,0.0198,1.571,18242,"RedGrey","picture with scale",1.303,0.0118,18272,2018-06-19,2018-07-30,24,12,NA,0.000555014890958625,0.000140591128773429,0.5,1,37
18118,"RedAverse",2018-05-11,2018-06-24,0,0,1,1,NA,NA,NA,0.0272,1.685,18349,"RedGrey","picture with scale",1.338,0.0118,18344,2018-06-24,NA,0,NA,NA,0.00489030974931642,-0.000858137535991117,-0.5,1,44
18119,"RedAverse",2018-05-11,2018-06-23,1,1,1,1,NA,NA,NA,0.0175,1.574,18323,"AllRed",NA,1.267,0.0106,18369,2018-06-23,2018-08-08,12,16,NA,-0.00182563524434775,-3.21451017544685e-05,-0.5,2,43
18121,"RedPreference",2018-05-11,2018-06-06,1,1,0,0,NA,NA,NA,0.018,1.522,18177,"AllRed",NA,1.354,0.0138,18196,2018-06-08,2018-07-16,46,14,NA,7.23004342960561e-05,0.000685300788687949,0.5,2,26
18122,"RedAverse",2018-05-11,2018-06-12,1,1,0,0,NA,NA,NA,0.0194,1.542,18166,"RedGrey",NA,1.381,0.0141,18224,2018-06-14,2018-07-29,48,14,NA,0.0009346328655869,0.000214852961583875,-0.5,1,32
18123,"RedAverse",2018-05-11,2018-06-14,1,1,0,0,NA,NA,NA,0.0127,1.517,18300,"AllRed",NA,1.358,0.0112,18247,2018-06-15,2018-07-28,18,13,NA,-0.00509328267352665,-0.00202883963014229,-0.5,2,34
18124,"RedPreference",2018-05-11,2018-06-14,1,1,0,0,NA,NA,NA,0.017,1.475,18225,"AllRed",NA,1.202,0.0097,18261,2018-06-15,2018-08-01,20,16,NA,0.000335819220762577,0.000922636704236823,0.5,2,34
18125,"RedPreference",2018-05-11,2018-06-10,1,1,0,0,NA,NA,NA,0.0158,1.462,18168,"AllGrey","tiny bit of paint on knee tuft 1 front leg",1.359,0.0121,18165,2018-06-12,2018-07-26,18,14,NA,-0.000514696859576468,-0.00115737473484984,0.5,0,30
18126,"RedAverse",2018-05-11,2018-05-30,1,1,0,0,NA,NA,NA,0.0164,1.421,18213,"AllGrey","clean eye with thinner, picture only in box",1.305,0.0114,18238,2018-06-01,2018-07-07,32,10,"unsure of end date",0.0011875216562773,-0.000316479080641687,-0.5,0,19
18127,"RedAverse",2018-05-11,2018-05-25,1,1,0,0,NA,NA,NA,0.0146,1.455,18163,"AllRed","put to sleep twice",1.357,0.0115,18191,2018-05-27,NA,0,NA,NA,-0.00152651321052827,-0.00170030452543472,-0.5,2,14
18128,"RedPreference",2018-05-11,2018-06-08,1,1,0,0,NA,NA,NA,0.0179,1.535,18203,"AllGrey",NA,1.342,0.0124,18293,2018-06-10,2018-07-21,27,12,NA,-0.000377183485364893,-0.000372277954821351,0.5,0,28
18129,"RedAverse",2018-05-11,2018-06-10,0,0,1,0,1899-12-30 16:30:00,2018-06-11,NA,0.0171,1.51,18325,"AllGrey","paint on knee 1 front leg",1.241,0.0086,18300,2018-06-11,NA,0,NA,NA,-0.000505099024478447,-0.00129023237935796,-0.5,0,30
18130,"RedPreference",2018-05-11,2018-06-04,0,0,0,0,NA,NA,NA,0.0171,1.525,18195,"AllRed",NA,1.383,0.0129,18172,2018-06-06,2018-07-13,25,11,NA,-0.000908349701010313,-0.00104221724783124,0.5,2,24
18131,"RedPreference",2018-05-11,2018-05-28,1,1,1,0,NA,NA,NA,0.0223,1.548,18189,"AllRed","put to sleep twice",1.316,0.0129,18164,2018-05-29,2018-07-07,30,12,"end date earlier",0.00367333259497415,0.000869634767575167,0.5,2,17
18132,"RedAverse",2018-05-11,2018-06-03,1,1,0,0,NA,NA,NA,0.0133,1.379,18251,"RedGrey",NA,1.233,0.0125,18240,2018-06-05,NA,0,9,NA,-0.000783376449433467,0.00283804845830251,-0.5,1,23
18133,"RedPreference",2018-05-11,2018-06-24,1,1,0,0,NA,NA,NA,0.0175,1.473,18347,"AllRed",NA,1.291,0.0122,18257,2018-06-26,2018-08-06,15,9,NA,0.000889585977633493,0.000883012385264131,0.5,2,44
18134,"RedAverse",2018-05-11,2018-07-13,0,0,0,0,NA,NA,NA,0.0156,1.506,18365,"RedGrey","picture with scale",1.242,0.0116,18509,2018-07-15,2018-08-30,10,17,NA,-0.00189756551073662,0.00168123251593449,-0.5,1,63
18135,"RedAverse",2018-05-11,2018-06-06,0,0,0,0,NA,NA,"no cpulation on sheet, but inputed in DB, no copulation on video. Corrected 12/10/18",0.0149,1.469,18283,"RedGrey",NA,1.363,0.0115,18186,2018-06-08,2018-07-26,22,18,NA,-0.00160288050862468,-0.00187151515368007,-0.5,1,26
18136,"RedPreference",2018-05-11,2018-06-24,1,1,1,1,NA,NA,"copulation missed live but on video",0.0196,1.64,18348,"AllGrey","picture with scale",1.349,0.0131,18262,2018-06-24,NA,0,NA,NA,-0.00149993822108797,0.000127976312225744,0.5,0,44
18137,"RedAverse",2018-05-11,2018-06-18,0,0,0,0,NA,NA,NA,0.0215,1.594,18295,"AllRed",NA,1.323,0.0141,18246,2018-06-20,NA,0,NA,NA,0.00163669718694309,0.00186988903462226,-0.5,2,38
18138,"RedPreference",2018-05-11,2018-05-31,0,0,0,0,NA,NA,NA,0.013,1.415,18191,"AllRed","red was liquid and soaked (faded) over head)",1.433,0.0129,18200,2018-06-02,2018-07-12,30,12,NA,-0.00205117807310995,-0.00246897248320916,0.5,2,20
18142,"RedAverse",2018-05-18,2018-06-18,0,0,0,0,NA,NA,NA,0.0177,1.474,18296,"RedGrey","put to sleep twice",1.415,0.0137,18216,2018-06-20,NA,0,15,NA,0.00106270259919804,-0.00115534059847311,-0.5,1,31
18143,"RedPreference",2018-05-18,2018-06-17,0,0,0,0,NA,NA,NA,0.0165,1.484,18165,"AllRed",NA,1.368,0.0131,18273,2018-06-19,2018-07-17,15,10,NA,-0.000406131185156542,-0.000414190677217868,0.5,2,30
18144,"RedAverse",2018-05-18,2018-06-15,0,0,1,1,1899-12-30 09:30:00,2018-06-15,NA,0.0189,1.497,18243,"AllGrey","clean small eye with thinner",1.313,0.0124,18301,2018-06-15,NA,0,13,"should not have been removed (but female never copulated so eggs must have been infertile)",0.0016443848951825,0.000455240081697845,-0.5,0,28
18145,"RedPreference",2018-05-18,2018-06-12,0,0,0,0,NA,NA,NA,0.0145,1.404,18314,"RedGrey",NA,1.261,0.0088,18316,2018-06-14,NA,0,NA,NA,-0.000255460910319911,-0.00166093447350912,0.5,1,25
18146,"RedAverse",2018-05-18,2018-07-13,1,1,1,0,1899-12-30 07:45:00,2018-07-14,NA,0.0216,1.564,18427,"AllRed","picture with scale",1.349,0.0125,18493,2018-07-14,2018-08-26,22,15,NA,0.00254319854000683,-0.000472023687774255,-0.5,2,56
18147,"RedPreference",2018-05-18,2018-06-16,1,1,0,0,NA,NA,NA,0.0194,1.498,18194,"RedGrey",NA,1.375,0.012,18236,2018-06-18,2018-07-29,42,11,NA,0.00211750151674705,-0.00171393641017077,0.5,1,29
18148,"RedAverse",2018-05-18,2018-07-17,0,0,1,1,1899-12-30 08:39:00,2018-07-17,NA,0.0242,1.658,18221,"AllRed","picture with scale",1.332,0.0121,18492,2018-07-17,NA,0,NA,NA,0.00261616096707379,-0.000386926907745767,-0.5,2,60
18149,"RedPreference",2018-05-18,2018-08-18,0,0,0,0,NA,NA,NA,0.02,1.481,18372,"Unmanipulated",NA,1.396,0.0102,18531,2018-08-20,NA,0,NA,NA,0.00317451895014983,-0.0041131736090295,0.5,NA,92
18150,"RedAverse",2018-05-18,2018-06-19,1,1,0,0,NA,NA,NA,0.0188,1.493,18319,"RedGrey",NA,1.385,0.0116,18346,2018-06-21,2018-08-04,28,12,NA,0.00165191840892433,-0.00239928745724636,-0.5,1,32
18151,"RedPreference",2018-05-18,2018-06-17,1,1,0,0,NA,NA,NA,0.0181,1.516,18298,"AllGrey",NA,1.394,0.0133,18215,2018-06-19,2018-07-27,56,9,NA,0.000333600704908806,-0.000956103399614381,0.5,0,30
18152,"RedAverse",2018-05-18,2018-06-18,1,1,0,0,NA,NA,NA,0.0168,1.492,18258,"AllGrey","clean eye with a bit of thinner",1.374,0.0133,18206,2018-06-20,2018-08-05,15,15,NA,-0.000321198212640207,-0.00038540130546322,-0.5,0,31
18154,"RedAverse",2018-05-18,2018-06-22,1,1,0,0,NA,NA,NA,0.0175,1.534,18276,"RedGrey","clean back eye with thinner",1.283,0.0122,18209,2018-06-24,2018-08-06,14,13,NA,-0.000750300106929436,0.0011112932229246,-0.5,1,35
18155,"RedPreference",2018-05-18,2018-06-08,0,0,1,1,1899-12-30 10:09:00,2018-06-08,"copulation written on sheet but not seen on the video !!! Corrected 10/2/2018",0.0165,1.408,18171,"AllRed",NA,1.312,0.0111,18258,2018-06-08,NA,0,18,NA,0.00163700557593826,-0.000816224813594599,0.5,2,21
18156,"RedAverse",2018-05-18,2018-06-24,0,0,1,1,NA,NA,NA,0.0188,1.583,18249,"AllGrey","put to slepp twice, paint too liquid, paint on chelicerae",1.266,0.0115,18245,2018-06-24,NA,0,16,NA,-0.000767585650266871,0.000896390002953086,-0.5,0,37
18157,"RedPreference",2018-05-18,2018-07-15,0,0,0,0,NA,NA,NA,0.0246,1.617,18277,"AllRed",NA,1.281,0.0114,18448,2018-07-17,NA,0,NA,NA,0.00411837948292756,0.000368363432339714,0.5,2,58
18158,"RedAverse",2018-05-18,2018-06-10,1,1,0,0,NA,NA,NA,0.0156,1.483,18322,"RedGrey",NA,1.307,0.0105,18296,2018-06-12,2018-07-28,41,16,NA,-0.00127924780672109,-0.0012735492900568,-0.5,1,23
18159,"RedPreference",2018-05-18,2018-08-17,0,0,0,0,NA,NA,"half an hour late endind",0.0188,1.615,18382,"Unmanipulated",NA,1.362,0.0124,18448,2018-08-19,NA,0,NA,NA,-0.00162785376020152,-0.000942980048972518,0.5,NA,91
18160,"RedAverse",2018-05-18,2018-06-21,1,1,0,0,NA,NA,NA,0.0191,1.531,18301,"AllRed",NA,1.231,0.0097,18389,2018-06-22,2018-08-01,25,11,NA,0.000930350028376938,9.5118667717627e-05,-0.5,2,34
18161,"RedPreference",2018-05-18,2018-07-09,1,1,1,0,1899-12-30 13:00:00,2018-07-09,"was written EatDuringVid but it wasn't. corrected 4/19/19",0.0211,1.665,18431,"AllRed",NA,1.358,0.0125,18266,2018-07-09,2018-08-29,16,23,NA,-0.000672022681974419,-0.000728839630142284,0.5,2,52
18162,"RedAverse",2018-05-18,2018-08-23,0,0,0,0,NA,NA,NA,0.0125,1.415,18537,"AllRed","picture with scale",1.488,0.0159,18580,2018-08-25,NA,0,NA,NA,-0.00255117807310995,-0.00103840324212487,-0.5,2,97
18230,"RedPreference",2018-05-26,2018-06-06,1,1,0,0,NA,NA,NA,0.0145,1.401,18281,"RedGrey",NA,1.282,0.0105,18243,2018-06-08,2018-07-20,45,13,"end date earlier",-0.00017481077501354,-0.000560171672367847,0.5,1,11
18231,"RedAverse",2018-05-25,2018-06-05,1,1,0,0,NA,NA,NA,0.0143,1.398,18200,"AllGrey","paint on chelicerae",1.411,0.0165,18184,2018-06-07,2018-07-15,26,11,"end date earlier",-0.000294160639707163,0.00175879982035713,-0.5,0,11
18232,"RedPreference",2018-05-25,2018-06-17,1,1,0,0,NA,NA,NA,0.0136,1.39,18259,"AllGrey",NA,1.403,0.0146,18284,2018-06-19,2018-08-01,32,14,NA,-0.000779093612223501,8.70806580175916e-05,0.5,0,23
18233,"RedAverse",2018-05-25,2018-06-15,0,0,0,0,NA,NA,"no video recording",0.0194,1.527,18294,"RedGrey",NA,1.357,0.015,18220,2018-06-17,NA,0,NA,NA,0.00133788354211877,0.00179969547456528,-0.5,1,21
18234,"RedPreference",2018-05-27,2018-06-07,1,1,0,0,NA,NA,"cop seen on video not live, corrected 4/19/2019",0.0171,1.46,18187,"AllRed"," a tiny bit of paint on top one chelicerae",1.385,0.0127,18166,2018-06-09,2018-07-17,24,13,NA,0.000839069897294448,-0.00129928745724636,0.5,2,11
18253,"RedAverse",2018-05-30,2018-06-10,1,1,0,0,NA,NA,NA,0.0177,1.504,18205,"AllGrey",NA,1.346,0.0124,18312,2018-06-12,2018-07-20,17,10,"not sure hatch date",0.0002562012461343,-0.000486418373651585,-0.5,0,11
18254,"RedPreference",2018-05-31,2018-06-11,1,0,0,0,NA,NA,"missing first 20 minutes of recording, copulation 6/11 5pm",0.018,1.505,18196,"AllRed",NA,1.309,0.0112,18229,2018-06-13,2018-07-21,22,9,NA,0.000529317867698843,-0.000630619499471921,0.5,2,11
18280,"RedPreference",2018-06-01,2018-07-21,1,1,1,1,1899-12-30 10:40:00,2018-07-21,NA,0.0228,1.556,18480,"AllRed","picture with scale",1.444,0.0146,18487,2018-07-21,2018-08-30,24,11,NA,0.00395826556749049,-0.0010828586349923,0.5,2,50
18285,"RedAverse",2018-06-02,2018-06-13,1,1,0,0,NA,NA,"stop video before end cop.",0.0165,1.475,18198,"AllGrey",NA,1.372,0.0126,18348,2018-06-15,2018-07-27,23,13,NA,-0.000164180779237424,-0.0010283310960481,-0.5,0,11
18286,"RedPreference",2018-06-05,2018-06-16,0,0,0,0,NA,NA,NA,0.0151,1.456,18299,"AllRed","put to sleep twice",1.28,0.0093,18347,2018-06-18,NA,0,NA,NA,-0.00105339658896372,-0.00170310146295273,0.5,2,11
18287,"RedAverse",2018-06-04,2018-06-15,0,0,0,0,NA,NA,NA,0.015,1.514,18263,"AllRed","put to sleep twice, clean tip front leg with thinner",1.238,0.0087,18208,2018-06-17,NA,0,NA,NA,-0.00271263253822028,-0.00110462706523528,-0.5,2,11
18288,"RedPreference",2018-06-04,2018-06-15,0,0,0,0,NA,NA,NA,0.0145,1.504,18315,"RedGrey",NA,1.379,0.0128,18276,2018-06-17,NA,0,NA,NA,-0.0029437987538657,-0.00102807682900101,0.5,1,11
18289,"RedAverse",2018-06-04,2018-06-16,1,1,0,0,NA,NA,NA,0.0181,1.555,18140,"AllRed","red paint too liquid",1.466,0.0139,18219,2018-06-18,2018-07-31,31,14,NA,-0.000714851054074049,-0.00241063093855858,-0.5,2,12
18290,"RedPreference",2018-06-04,2018-07-01,1,1,1,0,1899-12-30 12:30:00,2018-07-01,NA,0.0194,1.531,18268,"AllGrey",NA,1.34,0.0125,18235,2018-07-01,2018-08-14,37,15,NA,0.00123035002837694,-0.000215207745406233,0.5,0,27
18291,"RedAverse",2018-06-04,2018-06-26,0,0,0,0,NA,NA,NA,0.0183,1.59,18206,"AllRed",NA,1.251,0.0093,18399,2018-06-28,2018-08-14,36,15,"unsure of hatch date",-0.00145576929931508,-0.000875583426433535,-0.5,2,22
18302,"RedPreference",2018-06-06,2018-06-29,1,1,1,1,1899-12-30 10:00:00,2018-06-29,"time cannibalism approximate",0.02,1.539,18265,"RedGrey",NA,1.396,0.0135,18434,2018-06-29,2018-08-17,13,18,NA,0.00161528300089328,-0.000813173609029497,0.5,1,23
18303,"RedAverse",2018-06-06,2018-07-01,1,1,1,1,1899-12-30 11:25:00,2018-07-01,NA,0.0186,1.539,18257,"RedGrey",NA,1.383,0.012,18430,2018-07-01,NA,0,NA,NA,0.000215283000893275,-0.00194221724783124,-0.5,1,25
18304,"RedPreference",2018-06-06,2018-06-26,1,1,0,0,NA,NA,NA,0.0179,1.631,18273,"AllRed",NA,1.397,0.0137,18409,2018-06-28,2018-08-23,12,17,NA,-0.00295798781516885,-0.000641708713737058,0.5,2,20
18305,"RedAverse",2018-06-09,2018-06-20,1,1,1,0,1899-12-30 15:00:00,2018-06-20,NA,0.0207,1.554,18220,"AllGrey",NA,1.251,0.011,18226,2018-06-20,2018-08-04,22,15,NA,0.0019120323243614,0.000824416573566465,-0.5,0,11
18306,"RedPreference",2018-06-07,2018-06-18,0,0,1,0,1899-12-30 07:28:00,2018-06-20,NA,0.0157,1.489,18311,"AllGrey",NA,1.213,0.0087,18223,2018-06-20,2018-08-10,2,20,NA,-0.00134054807733384,-0.000391249447546323,0.5,0,11
18307,"RedAverse",2018-06-06,2018-07-08,0,0,1,1,1899-12-30 09:35:00,2018-07-08,NA,0.0215,1.604,18403,"AllRed",NA,1.241,0.0089,18499,2018-07-08,NA,0,NA,NA,0.00136786340258851,-0.000990232379357957,-0.5,2,32
18308,"RedPreference",2018-06-06,2018-07-15,1,1,1,0,1899-12-30 09:30:00,2018-07-16,NA,0.0259,1.656,18394,"RedGrey","picture with scale",1.358,0.0135,18397,2018-07-16,2018-08-24,23,11,NA,0.0043699277239447,0.000271160369857715,0.5,1,39
18309,"RedAverse",2018-06-06,2018-07-22,1,1,0,0,NA,NA,NA,0.0258,1.751,18450,"AllRed",NA,1.305,0.012,18498,2018-07-24,2018-09-06,29,15,NA,0.00171600677257621,0.000283520919358313,-0.5,2,46
18310,"RedPreference",2018-06-06,2018-06-29,0,0,0,0,NA,NA,NA,0.0202,1.631,18222,"RedGrey","picture with scale",1.298,0.0112,18406,2018-07-01,2018-08-15,20,15,NA,-0.000657987815168851,-0.000316733347688782,0.5,1,23
18326,"RedAverse",2018-06-08,2018-06-24,0,0,1,1,NA,NA,NA,0.0186,1.55,18219,"AllGrey","picture with scale",1.379,0.0124,18217,2018-06-24,NA,0,NA,NA,-8.04341618967652e-05,-0.00142807682900101,-0.5,0,16
18327,"RedPreference",2018-06-08,2018-07-03,1,1,0,0,NA,NA,NA,0.0169,1.53,18262,"AllGrey","picture with scale",1.477,0.0651,18402,2018-07-05,2018-08-29,13,25,NA,-0.00124276659318761,0.0484754829096583,0.5,0,25
18328,"RedAverse",2018-06-08,2018-07-02,1,1,1,0,1899-12-30 14:15:00,2018-07-02,NA,0.0185,1.547,18250,"AllGrey","clean eye with thinner",1.253,0.011,18345,2018-07-02,2018-08-15,22,15,NA,-9.9784026590388e-05,0.000767346364151348,-0.5,0,24
18329,"RedPreference",2018-06-08,2018-06-25,1,0,0,0,NA,NA,"6/26 copulation 8:45AM",0.0223,1.209,18224,"AllGrey","picture with scale",1.354,0.0129,18367,2018-06-27,2018-08-18,27,25,NA,0.0127867978845944,-0.000214699211312051,0.5,0,17
18330,"RedAverse",2018-06-08,2018-06-30,1,1,1,0,1899-12-30 08:30:00,2018-07-01,NA,0.019,1.581,18389,"AllGrey",NA,1.22,0.0091,18403,2018-07-01,2018-08-22,13,22,NA,-0.000513818893395956,-0.000190995180499227,-0.5,0,22
18331,"RedPreference",2018-06-08,2018-07-01,1,1,0,0,NA,NA,NA,0.0145,1.548,18292,"AllRed",NA,1.14,0.0091,18441,2018-07-03,2018-08-25,12,25,NA,-0.00412666740502585,0.00209181319610544,0.5,2,23
18332,"RedAverse",2018-06-11,2018-06-22,0,0,0,0,NA,NA,NA,0.0183,1.481,18226,"AllGrey",NA,1.227,0.0103,18268,2018-06-24,2018-08-04,36,11,NA,0.00147451895014983,0.000809259086547861,-0.5,0,11
18333,"RedPreference",2018-06-11,2018-06-22,1,1,0,0,NA,NA,NA,0.017,1.552,18248,"AllRed",NA,1.304,0.0113,18222,2018-06-24,2018-08-11,20,17,NA,-0.00173420091876768,-0.000387943975934133,0.5,2,11
18334,"RedAverse",2018-06-11,2018-09-11,1,0,0,0,NA,NA,"cop at 10:00AM on 9/12",0.0155,1.489,18531,"Unmanipulated",NA,1.495,0.0177,18582,2018-09-13,NA,0,144,NA,-0.00154054807733384,0.000561851024922221,-0.5,NA,92
18336,"RedAverse",2018-06-11,2018-07-01,0,0,0,0,NA,NA,NA,0.0199,1.593,18217,"RedGrey",NA,1.38,0.0133,18239,2018-07-03,2018-08-14,21,12,NA,6.35805653785507e-05,-0.000556611933708563,-0.5,1,20
18337,"RedPreference",2018-06-11,2018-08-08,0,0,0,0,NA,NA,"camera tilted up",0.0217,1.556,18433,"AllGrey","picture with scale",1.414,0.0137,18481,2018-08-10,2018-09-23,25,16,NA,0.00285826556749049,-0.00112680549376555,0.5,0,58
18338,"RedAverse",2018-06-11,2018-07-02,0,0,0,0,NA,NA,NA,0.0162,1.517,18244,"AllRed",NA,1.285,0.0111,18388,2018-07-04,2018-09-02,18,33,NA,-0.00159328267352665,-4.5776986490519e-05,-0.5,2,21
18339,"RedPreference",2018-06-11,2018-08-20,1,1,1,0,1899-12-30 03:30:00,2018-08-20,NA,0.0286,1.742,18570,"AllRed",NA,1.31,0.0126,18368,2018-08-20,2018-09-30,31,11,NA,0.00475795717849533,0.000740845395820518,0.5,2,70
18340,"RedAverse",2018-06-11,2018-08-07,0,0,1,0,1899-12-30 14:00:00,2018-08-07,NA,0.0186,1.656,18457,"AllRed","picture with scale",1.418,0.0147,18459,2018-08-07,NA,0,NA,NA,-0.0029300722760553,-0.000240945912595782,-0.5,2,57
18341,"RedPreference",2018-06-11,2018-07-03,0,0,0,0,NA,NA,NA,0.0149,1.554,18387,"AllRed",NA,1.375,0.0186,18420,2018-07-05,NA,15,18,"dont know date lay/hatch",-0.0038879676756386,0.00488606358982922,0.5,2,22
18342,"RedAverse",2018-06-11,2018-06-23,1,1,0,0,NA,NA,NA,0.0134,1.417,18236,"RedGrey",NA,1.359,0.0129,18292,2018-06-25,2018-08-05,19,12,"lay date maybe too early",-0.00170494482998087,-0.00035737473484984,-0.5,1,12
18350,"RedPreference",2018-06-13,2018-06-24,1,1,0,0,NA,NA,NA,0.0174,1.554,18241,"AllRed","paint on 1 front leg and 2nd leg",1.312,0.0106,18244,2018-06-26,2018-08-06,49,11,NA,-0.0013879676756386,-0.0013162248135946,0.5,2,11
18351,"RedAverse",2018-06-13,2018-06-24,1,1,0,0,NA,NA,NA,0.0171,1.573,18267,"AllRed",NA,1.383,0.0121,18250,2018-06-26,2018-08-10,18,14,NA,-0.00219875186591229,-0.00184221724783124,-0.5,2,11
18352,"RedPreference",2018-06-14,2018-06-25,1,0,0,0,NA,NA,"cop 6/26 5:30PM",0.015,1.847,18261,"RedGrey","picture with scale",1.333,0.012,18343,2018-06-27,2018-08-08,29,13,NA,-0.0116647975572277,-0.000515462012453322,0.5,1,11
18353,"RedAverse",2018-06-14,2018-06-25,0,0,1,1,1899-12-30 10:50:00,2018-06-25,"copulation written on sheet but not seen on the video !!! Corrected 10/11/2018",0.0205,1.626,18247,"RedGrey","soaking paint",1.306,0.0112,18275,2018-06-25,NA,0,14,NA,-0.000223570922991557,-0.000545014185349249,-0.5,1,11
18354,"RedPreference",2018-06-13,2018-08-17,1,1,1,0,1899-12-30 12:00:00,2018-08-18,NA,0.0276,1.668,18397,"Unmanipulated",NA,1.384,0.0146,18471,2018-08-18,2018-09-28,31,12,NA,0.00574732718271921,0.000629247647461204,0.5,NA,65
18355,"RedAverse",2018-06-13,2018-09-03,0,0,0,0,NA,NA,NA,0.0211,1.638,18368,"AllGrey",NA,1.502,0.0178,18578,2018-09-05,2018-10-22,15,15,NA,5.38285357829477e-05,0.000462105291969315,-0.5,0,82
18356,"RedPreference",2018-06-13,2018-08-20,0,0,0,0,NA,NA,NA,0.0245,1.775,18459,"AllRed",NA,1.403,0.0129,18439,2018-08-22,NA,0,NA,NA,-0.000229194309874781,-0.00161291934198241,0.5,2,68
18357,"RedAverse",2018-06-13,2018-06-29,0,0,0,0,NA,NA,NA,0.0158,1.447,18346,"AllRed",NA,1.455,0.0137,18396,2018-07-01,2018-09-14,16,45,NA,-0.000111446183044602,-0.00229674478677544,-0.5,2,16
18358,"RedPreference",2018-06-13,2018-07-10,0,0,1,1,1899-12-30 09:10:00,2018-07-10,"companion male not facing right way; female copulation written during live observation during video, but video reveal that was the female eating the male on her back ! (corrected 9/13/18)",0.0209,1.592,18436,"AllGrey",NA,1.358,0.0131,18317,2018-07-10,NA,0,178,NA,0.001090463943814,-0.000128839630142284,0.5,0,27
18359,"RedAverse",2018-06-13,2018-06-29,1,1,1,0,1899-12-30 15:00:00,2018-06-29,NA,0.0168,1.504,18218,"RedGrey",NA,1.26,0.01,18395,2018-06-29,2018-08-15,12,18,NA,-0.000643798753865702,-0.000432399368801563,-0.5,1,16
18375,"RedPreference",2018-06-16,2018-06-27,1,1,0,0,NA,NA,NA,0.0173,1.608,18284,"AllRed",NA,1.305,0.012,18381,2018-06-29,2018-08-16,20,17,NA,-0.00293967011115332,0.000283520919358313,0.5,2,11
18376,"RedAverse",2018-06-16,2018-06-27,1,1,0,0,NA,NA,NA,0.0183,1.549,18215,"RedGrey",NA,1.319,0.0127,18384,2018-06-29,NA,32,12,"unsure of hatch date",-0.000353550783461303,0.000584029453452495,-0.5,1,11
18377,"RedPreference",2018-06-15,2018-06-26,1,1,0,0,NA,NA,NA,0.0198,1.578,18246,"RedGrey",NA,1.223,0.0103,18385,2018-06-28,2018-08-14,13,15,NA,0.000366831241910417,0.000923399505378094,0.5,1,11
18378,"RedAverse",2018-06-15,2018-06-26,1,1,0,0,NA,NA,NA,0.016,1.511,18216,"AllGrey",NA,1.31,0.0105,18383,2018-06-28,2018-08-10,26,13,"unsure of hatch date",-0.0016319824029139,-0.00135915460417948,-0.5,0,11
18379,"RedPreference",2018-06-15,2018-07-19,1,1,1,0,1899-12-30 10:33:00,2018-07-19,NA,0.0263,1.706,18522,"AllGrey","picture with scale",1.435,0.0167,18465,2018-07-19,2018-08-27,24,10,NA,0.00342575880217181,0.00127395730737572,0.5,0,34
18380,"RedAverse",2018-06-15,2018-07-11,1,1,1,1,1899-12-30 10:10:00,2018-07-11,NA,0.0205,1.643,18388,"RedGrey","picture with scale",1.262,0.0113,18435,2018-07-11,2018-08-26,17,17,NA,-0.000680588356394344,0.000810530421783319,-0.5,1,26
18400,"RedPreference",2018-06-15,2018-06-26,1,1,0,0,NA,NA,NA,0.0194,1.619,18223,"AllGrey",NA,1.322,0.0113,18212,2018-06-28,2018-08-22,15,17,NA,-0.00113538727394336,-0.000901575860670184,0.5,0,11
18401,"RedAverse",2018-06-17,2018-06-28,1,1,1,0,1899-12-30 08:15:00,2018-06-29,NA,0.0188796610169492,1.548,18272,"AllGrey",NA,1.321,0.0129,18228,2018-06-29,NA,23,11,NA,0.000252993611923305,0.000726959244037379,-0.5,0,11
18410,"RedPreference",2018-06-18,2018-06-29,0,0,0,0,NA,NA,NA,0.0166,1.474,18385,"AllGrey",NA,1.243,0.0108,18431,2018-07-01,NA,0,NA,NA,-3.72974008019637e-05,0.000852697411226926,0.5,0,11
18411,"RedAverse",2018-06-18,2018-07-08,0,0,0,0,NA,NA,NA,0.0178,1.587,18275,"AllGrey","picture with scale",1.331,0.0122,18426,2018-07-10,NA,0,NA,NA,-0.0018751191640087,-0.000258391803038204,-0.5,0,20
18412,"RedPreference",2018-06-18,2018-06-29,1,1,0,0,NA,NA,NA,0.0183,1.561,18369,"AllRed",NA,1.325,0.0145,18404,2018-07-01,2018-08-14,25,13,NA,-0.000676151324686797,0.00221281882520715,0.5,2,11
18413,"RedAverse",2018-06-18,2018-07-11,1,1,0,0,NA,NA,NA,0.0163,1.594,18402,"AllGrey","put to sleep twice, picture with scale",1.348,0.0133,18459,2018-07-13,2018-09-09,19,30,NA,-0.00356330281305691,0.000356511416933298,-0.5,0,23
18414,"RedPreference",2018-06-18,2018-07-10,0,0,1,1,1899-12-30 09:02:00,2018-07-10,NA,0.0195,1.522,18239,"AllRed",NA,1.292,0.0103,18433,2018-07-10,NA,0,NA,NA,0.00157230043429606,-0.00104552271944343,0.5,2,22
18415,"RedAverse",2018-06-18,2018-07-09,0,0,1,0,1899-12-30 08:00:00,2018-07-10,NA,0.0151,1.437,18363,"AllRed",NA,1.364,0.0124,18439,2018-07-10,NA,0,NA,NA,-0.000542612398690024,-0.00100005025838764,-0.5,2,21
18416,"RedPreference",2018-06-20,2018-07-01,1,1,0,0,NA,NA,NA,0.0173,1.558,18344,"RedGrey",NA,1.329,0.0124,18460,2018-07-03,2018-08-22,16,21,NA,-0.00159550118938043,-1.3215936230888e-06,0.5,1,11
18417,"RedAverse",2018-06-18,2018-08-13,0,0,1,0,1899-12-30 09:00:00,2018-08-14,"dissapeared before laying eggs",0.0228,1.65,18488,"Unmanipulated",NA,1.269,0.0099,18485,2018-08-14,NA,NA,NA,NA,0.00143122799455745,-0.000789215311169584,-0.5,NA,56
18418,"RedPreference",2018-06-18,2018-07-11,1,1,1,0,1899-12-30 08:00:00,2018-07-13,NA,0.0207,1.644,18420,"AllRed","picture with scale",1.396,0.0117,18386,2018-07-13,2018-08-27,24,15,"unsure of hatch date",-0.000507471734829801,-0.0026131736090295,0.5,2,23
18419,"RedAverse",2018-06-18,2018-07-10,1,1,1,0,1899-12-30 16:30:00,2018-07-10,NA,0.0215,1.604,18396,"AllRed",NA,1.349,0.0139,18432,2018-07-10,2018-08-26,22,19,NA,0.00136786340258851,0.000927976312225743,-0.5,2,22
18442,"RedPreference",2018-06-20,2018-07-23,0,0,1,1,1899-12-30 08:26:00,2018-07-23,NA,0.0263,1.753,18505,"AllGrey",NA,1.39,0.0118,18573,2018-07-23,NA,0,NA,NA,0.00216224001570529,-0.00234196298078415,0.5,0,33
18443,"RedAverse",2018-06-20,2018-08-17,1,1,0,0,NA,NA,"half an hour late endind",0.0179,1.554,18364,"Unmanipulated",NA,1.374,0.0137,18393,2018-08-19,2018-09-26,24,11,NA,-0.000887967675638596,1.45986945367816e-05,-0.5,NA,58
18444,"RedPreference",2018-06-20,2018-07-15,1,1,0,0,NA,NA,NA,0.0224,1.546,18274,"RedGrey",NA,1.332,0.0121,18271,2018-07-17,2018-09-02,23,16,NA,0.00382709935184507,-0.000386926907745767,0.5,1,25
18445,"RedAverse",2018-06-20,2018-07-30,0,0,1,1,1899-12-30 09:22:00,2018-07-30,NA,0.025,1.726,18407,"AllRed","picture with scale",1.316,0.0112,18572,2018-07-30,NA,0,58,NA,0.00158809123346265,-0.000830365232424833,-0.5,2,40
18446,"RedPreference",2018-06-20,2018-07-26,1,1,1,0,1899-12-30 11:30:00,2018-07-27,NA,0.0236,1.678,18510,"AllGrey","picture with scale",1.357,0.0123,18555,2018-07-27,2018-09-09,20,15,NA,0.00147849339836463,-0.000900304525434723,0.5,0,36
18452,"RedAverse",2018-06-21,2018-07-02,1,1,0,0,NA,NA,NA,0.0188,1.537,18245,"AllGrey",NA,1.262,0.0122,18429,2018-07-04,2018-08-18,10,15,NA,0.000469049757764193,0.00171053042178332,-0.5,0,11
18453,"RedPreference",2018-06-20,2018-07-11,0,0,1,0,1899-12-30 08:15:00,2018-07-12,NA,0.0192,1.617,18430,"RedGrey","grey paint tip front leg",1.262,0.0085,18487,2018-07-12,NA,0,NA,NA,-0.00128162051707244,-0.00198946957821668,0.5,1,21
18454,"RedAverse",2018-06-20,2018-07-27,0,0,0,0,NA,NA,NA,0.0238,1.679,18318,"AllGrey","picture with scale",1.415,0.0143,18569,2018-07-29,NA,0,NA,NA,0.00165161001992917,-0.000555340598473109,-0.5,0,37
18455,"RedPreference",2018-06-20,2018-07-10,0,0,1,0,1899-12-30 08:00:00,2018-07-11,NA,0.0182,1.522,18395,"RedGrey","picture with scale",1.292,0.0104,18494,2018-07-11,NA,0,NA,NA,0.000272300434296058,-0.000945522719443432,0.5,1,20
18456,"RedAverse",2018-06-20,2018-08-08,0,0,1,1,1899-12-30 08:42:00,2018-08-08,NA,0.0246,1.724,18386,"AllGrey",NA,1.223,0.0101,18537,2018-08-08,NA,0,NA,NA,0.00124185799033357,0.000723399505378093,-0.5,0,49
18461,"RedPreference",2018-06-22,2018-08-01,1,1,1,0,1899-12-30 12:50:00,2018-08-01,NA,0.0257,1.717,18398,"Unmanipulated",NA,1.254,0.0106,18571,2018-08-01,2018-09-10,26,13,NA,0.00253004163938177,0.000338811259443787,0.5,NA,40
18463,"RedPreference",2018-06-22,2018-07-14,0,0,1,0,1899-12-30 08:52:00,2018-07-15,NA,0.0207,1.652,18360,"RedGrey","picture with scale",1.372,0.0129,18458,2018-07-15,NA,0,71,NA,-0.000722538762313464,-0.000728331096048102,0.5,1,22
18468,"RedPreference",2018-06-22,2018-07-22,1,1,1,1,1899-12-30 11:25:00,2018-07-22,NA,0.0244,1.713,18227,"RedGrey","picture with scale",1.202,0.0095,18421,2018-07-22,2018-09-09,25,19,NA,0.0013375751531236,0.000722636704236823,0.5,1,30
18469,"RedAverse",2018-06-24,2018-07-05,0,0,0,0,NA,NA,NA,0.0156,1.483,18212,"AllRed",NA,1.271,0.0097,18425,2018-07-07,2018-08-24,17,18,"don’t know lay date, don’t know end date",-0.00127924780672109,-0.0010462855205847,-0.5,2,11
18470,"RedPreference",2018-06-23,2018-07-04,0,0,0,0,NA,NA,NA,0.0211,1.702,18343,"RedGrey","clean eye with bit of thinner",1.303,0.012,18365,2018-07-07,NA,0,NA,NA,-0.00166670768408636,0.00034059112877343,0.5,1,11
18472,"RedAverse",2018-06-22,2018-07-13,1,1,0,0,NA,NA,NA,0.0211,1.67,18324,"AllGrey","picture with scale",1.329,0.0139,18256,2018-07-15,2018-08-29,14,17,NA,-0.000806439574151705,0.00149867840637691,-0.5,0,21
18473,"RedPreference",2018-06-24,2018-07-05,0,0,1,0,1899-12-30 08:00:00,2018-07-06,NA,0.017,1.649,18345,"RedGrey",NA,1.233,0.0114,18366,2018-07-06,2018-08-29,9,24,NA,-0.00434188862700709,0.00173804845830251,0.5,1,11
18474,"RedAverse",2018-06-26,2018-07-07,1,1,1,0,1899-12-30 08:30:00,2018-07-08,NA,0.0173,1.563,18383,"RedGrey",NA,1.289,0.0105,18278,2018-07-08,2018-08-24,10,19,NA,-0.00172991808155771,-0.000759917405320752,-0.5,1,11
18475,"RedPreference",2018-06-26,2018-07-07,0,0,0,0,NA,NA,NA,0.0143,1.539,18381,"AllGrey","picture with scale",1.362,0.012,18428,2018-07-09,NA,0,NA,NA,-0.00408471699910672,-0.00134298004897252,0.5,0,11
18476,"RedAverse",2018-06-25,2018-07-06,1,1,1,0,1899-12-30 02:00:00,2018-07-06,NA,0.023,1.724,18434,"RedGrey",NA,1.368,0.0129,18427,2018-07-06,2018-08-22,21,9,NA,-0.000358142009666433,-0.000614190677217869,-0.5,1,11
18478,"RedAverse",2018-06-25,2018-09-06,0,0,1,1,1899-12-30 09:45:00,2018-09-06,NA,0.0217,1.694,18390,"Unmanipulated",NA,1.222,0.0133894736842105,18481,2018-09-06,NA,0,NA,NA,-0.000851640656602695,0.00404140829429618,-0.5,NA,73
18479,"RedPreference",2018-06-25,2018-07-28,0,0,0,0,NA,NA,NA,0.0209,1.57,18487,"AllRed",NA,1.382,0.0137,18570,2018-07-30,NA,0,189,NA,0.00168189826939408,-0.000213682143123679,0.5,2,33
18489,"RedPreference",2018-06-27,2018-07-08,1,1,0,0,NA,NA,"very short copulation unseen live but on video",0.0182,1.587,18210,"AllGrey",NA,1.353,0.0127,18362,2018-07-10,2018-08-24,21,17,NA,-0.0014751191640087,-0.00038616410660449,0.5,0,11
18490,"RedAverse",2018-06-29,2018-07-10,0,0,0,0,NA,NA,NA,0.0133,1.414,18406,"AllGrey",NA,1.346,0.0211,18450,2018-07-12,NA,0,123,NA,-0.00172429469467449,0.00821358162634842,-0.5,0,11
18491,"RedPreference",2018-06-27,2018-07-21,1,1,0,0,NA,NA,NA,0.0219,1.6,18482,"RedGrey","picture with scale",1.472,0.0143,18368,2018-07-23,2018-09-02,21,11,NA,0.00187539691633034,-0.00218184156680393,0.5,1,24
18495,"RedAverse",2018-06-29,2018-07-10,1,1,1,0,1899-12-30 08:00:00,2018-07-11,NA,0.0177,1.566,18441,"AllRed",NA,1.385,0.0122,18464,2018-07-11,2018-08-24,7,16,NA,-0.00141056821686409,-0.00179928745724636,-0.5,2,11
18496,"RedPreference",2018-06-29,2018-07-10,0,0,0,0,NA,NA,NA,0.0144,1.436,18409,"AllGrey",NA,1.307,0.0112,18318,2018-07-12,NA,0,41,NA,-0.00121572902025456,-0.000573549290056804,0.5,0,11
18497,"RedAverse",2018-06-27,2018-08-07,1,1,1,0,1899-12-30 17:00:00,2018-08-07,"corrupted video part 1….",0.0228,1.687,18438,"RedGrey","picture with scale",1.358,0.0118,18574,2018-08-07,2018-09-26,14,21,NA,0.000436542992445508,-0.00142883963014228,-0.5,1,41
18500,"RedPreference",2018-06-30,2018-07-11,0,0,0,0,NA,NA,NA,0.0222,1.719,18429,"AllGrey",NA,1.358,0.0132,18466,2018-07-13,2018-09-07,17,26,NA,-0.00102372511748914,-2.88396301422848e-05,0.5,0,11
18501,"RedAverse",2018-06-29,2018-07-21,0,0,1,0,1899-12-30 07:15:00,2018-07-23,NA,0.0232,1.727,18392,"AllGrey","picture with scale",1.16,0.0083,18447,2018-07-23,NA,0,NA,NA,-0.000238792144972811,0.000721111101954275,-0.5,0,22
18502,"RedPreference",2018-06-29,2018-08-12,0,0,1,0,1899-12-30 09:45:00,2018-08-13,NA,0.0256,1.697,18374,"Unmanipulated",NA,1.433,0.0162,18570,2018-08-13,NA,0,NA,NA,0.00296770920809093,0.000831027516790839,0.5,NA,44
18503,"RedAverse",2018-06-29,2018-07-30,1,1,1,0,1899-12-30 12:21:00,2018-07-30,NA,0.0172,1.567,18435,"RedGrey",NA,1.377,0.0143,18578,2018-07-30,2018-09-10,18,15,NA,-0.00193745159529954,0.00052899338041411,-0.5,1,31
18504,"RedPreference",2018-06-29,2018-07-29,1,1,1,0,1899-12-30 08:30:00,2018-07-30,NA,0.0239,1.707,18271,"RedGrey","picture with scale",1.382,0.0129,18373,2018-07-30,2018-09-08,18,20,"unknown hatch date",0.00099887542373635,-0.00101368214312368,0.5,1,30
18506,"RedAverse",2018-06-30,2018-07-11,0,0,1,0,1899-12-30 08:15:00,2018-07-12,NA,0.0179,1.627,18366,"AllRed","picture with scale",1.262,0.0099,18227,2018-07-12,NA,0,NA,NA,-0.00285045430142702,-0.000589469578216679,-0.5,2,11
18507,"RedPreference",2018-06-29,2018-07-21,1,1,1,1,1899-12-30 09:50:00,2018-07-21,NA,0.0221,1.671,18405,"AllGrey","picture with scale",1.334,0.0115,18481,2018-07-21,NA,0,NA,NA,0.000166677047412835,-0.00104399711716088,0.5,0,22
18508,"RedAverse",2018-06-29,2018-08-30,0,0,0,0,NA,NA,"cop at 9:00am 8/31",0.0222,1.715,18579,"AllRed","red paint on second leg",1.27,0.0112,18572,2018-09-01,NA,0,NA,NA,-0.000916191603747313,0.000482249584122853,-0.5,2,62
18511,"RedPreference",2018-07-02,2018-07-13,1,1,0,0,NA,NA,NA,0.0183,1.525,18425,"AllRed","picture with scale",1.222,0.0091,18237,2018-07-15,NA,0,NA,NA,0.000291650298989687,-0.000248065389914344,0.5,2,11
18512,"RedAverse",2018-07-01,2018-07-12,1,1,1,0,1899-12-30 07:45:00,2018-07-14,NA,0.0198,1.582,18486,"RedGrey","clean eye with thinner",1.355,0.0124,18467,2018-07-14,2018-09-07,12,25,NA,0.000259297728168585,-0.000743234316019607,-0.5,1,11
18513,"RedPreference",2018-07-02,2018-07-25,1,0,0,0,NA,NA,"copulated 7/25 at 12:50pm",0.023,1.683,18493,"RedGrey",NA,1.309,0.0122,18457,2018-07-27,2018-09-09,16,16,NA,0.000744076506187338,0.00036938050052808,0.5,1,23
18514,"RedAverse",2018-07-02,2018-08-06,1,1,1,0,1899-12-30 14:30:00,2018-08-06,NA,0.0211,1.639,18421,"Unmanipulated",NA,1.454,0.0242,18481,2018-08-06,2018-09-26,29,12,NA,2.69451573474867e-05,0.00823179031793212,-0.5,NA,35
18515,"RedPreference",2018-07-02,2018-08-01,1,1,1,0,1899-12-30 14:00:00,2018-08-01,NA,0.0219,1.659,18465,"Unmanipulated",NA,1.365,0.0135,18488,2018-08-01,2018-09-09,23,11,NA,0.000289277588638327,7.14146369048097e-05,0.5,NA,30
18516,"RedAverse",2018-07-02,2018-08-06,1,1,1,0,1899-12-30 12:50:00,2018-08-06,NA,0.0277,1.777,18555,"Unmanipulated",NA,1.324,0.0106,18390,2018-08-06,2018-09-14,24,11,NA,0.0029170389332543,-0.0016586460700853,-0.5,NA,35
18517,"RedPreference",2018-07-02,2018-07-29,1,1,1,1,1899-12-30 11:30:00,2018-07-29,NA,0.0227,1.647,18464,"RedGrey",NA,1.365,0.0131,18364,2018-07-30,2018-09-07,26,10,NA,0.00141187812986382,-0.00032858536309519,0.5,1,27
18519,"RedPreference",2018-07-02,2018-07-29,1,1,0,0,NA,NA,NA,0.0129,1.625,18370,"AllGrey","picture with (wrong) scale",1.56,0.0179,18374,2018-07-31,2018-09-09,27,11,NA,-0.0077966875445561,-0.00109293078106907,0.5,0,27
18523,"RedPreference",2018-07-04,2018-07-15,0,0,0,0,NA,NA,NA,0.0169,1.576,18391,"AllGrey",NA,1.23,0.0087,18471,2018-07-17,NA,0,NA,NA,-0.00247940200121867,-0.000876346227574812,0.5,0,11
18524,"RedAverse",2018-07-04,2018-07-27,1,1,0,0,NA,NA,"cop 7/28 8:50, , had a short copulation during  video unseen live",0.0195,1.629,18317,"AllGrey",NA,1.419,0.0118,18372,2018-07-29,2018-09-05,28,8,NA,-0.00130422105829793,-0.00316948101730334,-0.5,0,23
18525,"RedPreference",2018-07-04,2018-07-26,0,0,0,0,NA,NA,NA,0.0178,1.577,18426,"AllRed","picture with scale",1.262,0.0112,18390,2018-07-28,NA,0,NA,NA,-0.00160628537965412,0.00071053042178332,0.5,2,22
18526,"RedAverse",2018-07-04,2018-07-15,1,1,1,0,1899-12-30 09:30:00,2018-07-16,NA,0.0212,1.712,18408,"AllGrey","picture with scale",1.39,0.0127,18393,2018-07-16,2018-08-26,28,13,NA,-0.00183554146844094,-0.00144196298078415,-0.5,0,11
18527,"RedPreference",2018-07-05,2018-07-16,1,1,0,0,NA,NA,NA,0.0166,1.521,18484,"AllRed","picture with scale",1.375,0.0129,18440,2018-07-18,2018-09-06,15,19,NA,-0.00130081618726848,-0.000813936410170774,0.5,2,11
18528,"RedAverse",2018-07-04,2018-07-27,1,0,0,0,NA,NA,"cop 7/27 12:00 AND cop 7/27 5:50",0.0202,1.608,18458,"AllRed",NA,1.399,0.0169,18438,2018-07-29,2018-09-09,24,13,NA,-3.96701111533226e-05,0.00250122107684782,-0.5,2,23
18529,"RedPreference",2018-07-06,2018-07-17,1,1,0,0,NA,NA,NA,0.0339,1.51,18428,"AllGrey",NA,1.344,0.012,18451,2018-07-19,2018-09-02,23,14,NA,0.0162949009755216,-0.000829348164236467,0.5,0,11
18532,"RedAverse",2018-07-07,2018-07-18,1,1,0,0,NA,NA,NA,0.0181,1.555,18437,"RedGrey","picture with scale",1.326,0.0127,18505,2018-07-20,NA,0,194,NA,-0.000714851054074049,0.000384283720499583,-0.5,1,11
18533,"RedPreference",2018-07-06,2018-07-17,1,1,1,0,1899-12-30 08:00:00,2018-07-19,"camera died for one min between 8:30 and 8:31",0.0201,1.576,18499,"AllRed","picture with scale",1.072,0.0078,18510,2018-07-19,2018-08-29,17,14,NA,0.000720597998781331,0.00273220031621941,0.5,2,11
18534,"RedAverse",2018-07-06,2018-07-17,1,0,0,0,NA,NA,NA,0.0196,1.589,18278,"RedGrey","picture with scale",1.37,0.0127,18531,2018-07-19,2018-09-08,18,21,NA,-0.000128885920879619,-0.000871260886632986,-0.5,1,11
18535,"RedPreference",2018-07-06,2018-07-17,0,0,0,0,NA,NA,NA,0.02,1.673,18266,"RedGrey","picture with scale",1.314,0.0116,18423,2018-07-19,NA,0,NA,NA,-0.00198708970945808,-0.000373295023009717,0.5,1,11
18538,"RedAverse",2018-07-07,2018-07-17,1,1,0,0,NA,NA,"cop seen on video not live, corrected 4/19/2019, may have been not successful since seen copulate live later on (after the video)",0.0193,1.613,18483,"RedGrey","picture with scale",1.38,0.0118,18521,2018-07-19,NA,0,18,NA,-0.00107408700333061,-0.00205661193370856,-0.5,1,10
18539,"RedPreference",2018-07-09,2018-10-01,0,0,0,0,NA,NA,NA,0.0188,1.616,18572,"RedGrey",NA,1.31,0.0102,18578,2018-10-03,NA,0,119,NA,-0.00165473713863698,-0.00165915460417948,0.5,1,84
18540,"RedAverse",2018-07-09,2018-08-26,0,0,0,0,NA,NA,NA,0.0276,1.701,18471,"AllGrey",NA,1.343,0.0129,18581,2018-08-28,NA,0,NA,NA,0.0048601756943491,9.91869404710943e-05,-0.5,0,48
18541,"RedPreference",2018-07-09,2018-09-30,0,0,0,0,NA,NA,NA,0.0215,1.62,18439,"AllRed",NA,1.45,0.014,18574,2018-10-02,NA,0,NA,NA,0.000937729347621181,-0.00185406926323765,0.5,2,83
18542,"RedAverse",2018-07-09,2018-08-17,1,1,1,1,1899-12-30 10:00:00,2018-08-17,NA,0.024,1.665,18569,"Unmanipulated",NA,1.386,0.0141,18494,2018-08-17,NA,0,NA,NA,0.00222797731802558,7.21774380460867e-05,-0.5,NA,39
18543,"RedPreference",2018-07-09,2018-10-05,1,1,0,0,NA,NA,NA,0.0211,1.643,18578,"AllGrey",NA,1.435,0.0133,18584,2018-10-07,NA,0,NA,NA,-8.05883563943448e-05,-0.00212604269262428,0.5,0,88
18544,"RedAverse",2018-07-09,2018-08-06,1,1,0,0,NA,NA,NA,0.0207,1.666,18498,"Unmanipulated",NA,1.611,0.0127,18531,2018-08-07,2018-09-18,28,12,NA,-0.00109890606040987,-0.00774822112115455,-0.5,NA,28
18545,"RedPreference",2018-07-09,2018-08-01,1,1,0,0,NA,NA,"end 8/2 from 8:52am to 10:06am and was measured in between, put back with male right after",0.0211,1.65,18447,"Unmanipulated",NA,1.325,0.0125,18494,2018-08-03,2018-09-14,16,12,NA,-0.000268772005442547,0.000212818825207146,0.5,NA,23
18546,"RedPreference",2018-07-10,2018-07-21,1,1,0,0,NA,NA,NA,0.0216,1.679,18256,"AllRed",NA,1.344,0.0115,18271,2018-07-23,2018-09-07,24,16,NA,-0.000548389980070829,-0.00132934816423647,0.5,2,11
18547,"RedAverse",2018-07-11,2018-07-22,0,0,1,0,1899-12-30 08:00:00,2018-07-24,NA,0.0224,1.635,18423,"RedGrey","picture with scale",1.327,0.0119,18488,2018-07-24,NA,0,29,NA,0.00143447867108932,-0.000444251384207971,-0.5,1,11
18548,"RedPreference",2018-07-12,2018-07-23,0,0,1,1,1899-12-30 08:44:00,2018-07-23,NA,0.0233,1.702,18521,"AllGrey","picture with scale",1.326,0.0116,18398,2018-07-23,NA,0,NA,NA,0.000533292315913643,-0.000715716279500417,0.5,0,11
18549,"RedAverse",2018-07-11,2018-08-14,1,1,1,0,1899-12-30 13:00:00,2018-08-14,NA,0.0251,1.656,18467,"Unmanipulated",NA,1.31,0.0116,18578,2018-08-14,2018-09-22,31,10,NA,0.00356992772394471,-0.000259154604179483,-0.5,NA,34
18550,"RedPreference",2018-07-12,2018-07-23,1,1,0,0,NA,NA,NA,0.0192,1.604,18362,"AllRed","picture with scale",1.404,0.0142,18370,2018-07-25,2018-09-09,30,17,NA,-0.000932136597411492,-0.000341454446689963,0.5,2,11
18551,"RedAverse",2018-07-13,2018-07-24,1,1,1,0,1899-12-30 16:15:00,2018-07-24,NA,0.0178,1.542,18432,"RedGrey",NA,1.254,0.0097,18571,2018-07-24,2018-09-06,7,13,NA,-0.000665367134413101,-0.000561188740556212,-0.5,1,11
18552,"RedPreference",2018-07-11,2018-08-10,0,0,0,0,NA,NA,NA,0.0101,1.54,18571,"RedGrey",NA,1.344,0.0129,18439,2018-08-12,2018-09-23,22,14,NA,-0.00831160037754218,7.06518357635327e-05,0.5,1,30
18553,"RedAverse",2018-07-11,2018-08-26,1,1,1,0,1899-12-30 09:08:00,2018-08-28,"cop twice during video ??",0.0259,1.633,18448,"RedGrey",NA,1.361,0.0141,18579,2018-08-28,NA,0,NA,NA,0.00498824542796023,0.000785555055735043,-0.5,1,46
18554,"RedPreference",2018-07-11,2018-08-07,1,1,0,0,NA,NA,NA,0.0192,1.585,18440,"Unmanipulated","picture with scale",1.315,0.011,18372,2018-08-09,2018-09-27,10,21,NA,-0.000421352407137789,-0.00100183012771727,0.5,NA,27
18556,"RedAverse",2018-07-14,2018-07-25,1,1,0,0,NA,NA,NA,0.0183,1.543,18509,"AllRed",NA,1.357,0.0122,18574,2018-07-27,2018-09-09,11,16,NA,-0.000192250512848555,-0.00100030452543472,-0.5,2,11
18557,"RedPreference",2018-07-13,2018-09-22,0,0,0,0,NA,NA,NA,0.0241,1.565,18583,"AllGrey",NA,1.261,0.0056,18393,2018-09-24,NA,0,NA,NA,0.00501631516157137,-0.00486093447350912,0.5,0,71
18558,"RedAverse",2018-07-13,2018-08-30,1,1,0,0,NA,NA,NA,0.0164,1.488,18580,"RedGrey",NA,1.442,0.0125,18574,2018-09-01,2018-10-09,31,11,NA,-0.000613664698898373,-0.00312578842557718,-0.5,1,48
18559,"RedPreference",2018-07-13,2018-07-26,0,0,0,0,NA,NA,NA,0.0154,1.519,18492,"RedGrey","picture with scale",1.432,0.0131,18485,2018-07-28,NA,0,NA,NA,-0.00244704943039757,-0.0022404373785016,0.5,1,13
18560,"RedAverse",2018-07-13,2018-09-20,1,1,1,0,1899-12-30 16:00:00,2018-09-20,NA,0.0193,1.508,18582,"AllRed",NA,1.329,0.0103,18481,2018-09-20,NA,0,106,NA,0.00174866773239247,-0.00210132159362309,-0.5,2,69
18561,"RedPreference",2018-07-13,2018-08-17,1,0,0,0,NA,NA,"cop 2:30pm 8/17, half an hour late endind",0.0204,1.594,18451,"Unmanipulated",NA,1.359,0.0131,18371,2018-08-19,2018-10-01,17,15,NA,0.00053669718694309,-0.000157374734849839,0.5,NA,35
18563,"RedPreference",2018-07-17,2018-07-28,0,0,0,0,NA,NA,"miss 5 min video (no battery)",0.015,1.483,18573,"AllRed","picture with scale",1.58,0.0192,18371,2018-07-30,NA,0,NA,NA,-0.00187924780672109,-0.000363632875220241,0.5,2,11
18564,"RedAverse",2018-07-16,2018-07-27,0,0,0,0,NA,NA,NA,0.0183,1.517,18237,"RedGrey",NA,1.28,0.0154,18382,2018-07-29,NA,0,NA,NA,0.00050671732647335,0.00439689853704727,-0.5,1,11
18565,"RedPreference",2018-07-16,2018-10-15,0,0,0,0,NA,NA,NA,0.015,1.411,18584,"AllRed",NA,1.294,0.0113,18393,2018-10-17,NA,0,NA,NA,5.63554406318803e-05,-0.000102592928858549,0.5,2,91
18567,"RedPreference",2018-07-16,2018-08-15,1,1,0,0,NA,NA,NA,0.0154,1.482,18373,"Unmanipulated",NA,1.403,0.0125,18390,2018-08-17,2018-01-06,16,21,NA,-0.00145236442828563,-0.00201291934198241,0.5,NA,30
18568,"RedAverse",2018-07-23,2018-08-03,1,1,0,0,NA,NA,"short copulation seen on video but not recorded live",0.0233,1.657,18466,"AllGrey","picture with scale",1.429,0.0143,18364,2018-08-05,2018-09-14,7,10,"a lot of dried out eggs",0.00174304434550925,-0.000954832064378926,-0.5,0,11
18575,"RedPreference",2018-07-23,2018-09-18,0,0,0,0,NA,NA,NA,0.0222,1.485,18485,"RedGrey",NA,1.408,0.0161,18583,2018-09-20,NA,0,NA,NA,0.005266985436408,0.0014444051344798,0.5,1,57
18576,"RedAverse",2018-07-23,2018-09-07,0,0,0,0,NA,NA,NA,0.0149,1.49,18494,"Unmanipulated",NA,1.377,0.0133,18439,2018-09-09,NA,0,NA,NA,-0.00216743145576929,-0.000471006619585891,-0.5,NA,46
18577,"RedPreference",2018-07-24,2018-08-04,0,0,0,0,NA,NA,"ended late",0.0167,1.602,18424,"AllGrey",NA,1.389,0.0164,18572,2018-08-06,2018-09-20,12,16,NA,-0.00337836984054058,0.00228657212392341,0.5,0,11
